,title
506,A Bittersweet Life
193,Gepetto
568,SIDEKICKS
387,Flow
185,FAMILY MAN
496,I Don't Want This Kind of Hero
479,10th Dimension Boys
371,For the Sake of Sita
711,DEAD DAYS
712,The Cliff
717,HIVE
374,Noblesse
368,Hellper
483,Library Ghost
362,Trump
672,Duty After School
172,Cheese in the Trap
354,Kubera
175,The Stories of Those Around Me
167,THE GIRL FROM CLASS
157,Kids Are All Right
184,About Death
685,Distant Sky
186,Winter Woods
188,God of Bath
697,The Vault of Horror: A Collection of Nightmares
500,The Sound of Your Heart
376,ORANGE MARMALADE
680,Tales of the Unusual
153,Girls of the Wild's
187,Magical 12th Graders
173,Salty Studio
606,Midnight Rhapsody : Season 2
718,DEEP
413,Aura from Another Planet
201,New Normal: Class 8
407,Magician
604,Midnight Rhapsody
401,Guardians of the Video Game
200,Subtle Disaster
133,The Sound of Magic: Annarasumanara
612,Jingle Jungle
647,unTouchable
255,Tower of God
396,DICE
395,UnderPrin
196,Witch Hunt
142,SHADOW
392,LESSA
254,The God of High School
402,SOUL CARTEL
512,Epic V
611,Penguin Loves Mev
602,My Kitty and Old Dog
517,Lars
518,New Life Project
414,Knight Run
598,Smile Brush
206,Aisopos
601,Smile Brush: My Old Pictures
443,Bluechair
538,The Gamer
448,Safely Endangered
103,Dr. Frost
484,HAPI BUNI
514,Cluster Fudge
380,Catharsis
638,Always Human
383,Your Adventure
663,Cyberforce
180,Under the Aegis
691,The Red Book
499,The Gentleman’s Armchair
474,UndeadEd
412,Cyberbunk
516,The DaneMen
661,XINK3R
378,Snailogy
377,Newman
608,Immortal Nerd
607,The Life of the Three Bears
605,All That We Hope to Be
603,Roar Street Journal
78,Space Boy
569,Sword Interval
399,LESSA 2 - The Crimson Knight
699,Chiller
703,Elena
582,Wind Breaker
719,S.I.D.
214,City of Walls
609,Just Ask Yuli
507,Average Adventures of an Average Girl
498,MercWorks
204,Sithrah
519,Pigminted
520,BuzzFeed Comics
521,Tickle Town
522,Cyko-KO
121,Where Tangents Meet
171,Friday: Forbidden Tales
504,Trash Bird
207,2015: Space Series
209,Westwood Vibrato
502,Doodle for Food
213,All That You Are
144,ShootAround
497,1111 Animals
503,MOONBEARD
523,Nicholalala
164,Yumi's Cells
199,Heroine Chic
127,Bastard
511,3-Second Strip
151,Hooky
509,Up and Out
508,RANDOMPHILIA
492,How to Love
197,Faust
510,Lunarbaboon
578,The Purple Heart
565,Supersonic Girl
468,Brutally Honest
572,The Badguys
574,Jackie Rose
534,unOrdinary
575,The Red Hook
505,National Dog Day 2016
645,Ecstasy Hearts
515,Polidiocy
610,Hello World!
441,Adventures of God
408,Firebrand
644,Miss Abbott and the Doctor
400,Ghosts Among the Wild Flowers
409,Inarime
600,Cooking Comically
471,Illustrated Internet
567,Nano List
398,Helios:Femina
652,Kind of Confidential
338,Elf & Warrior
662,The Brooklynite
488,As Per Usual
359,Siren's Lament
365,Noblesse: Rai's Adventure
149,The Strange Tales of Oscar Zahn
482,Saphie: The One-Eyed Cat
393,Dents
166,Oh! Holy
493,Behind the GIFs
494,dustinteractive
690,Unknown Caller
161,Big Jo
373,Super Secret
698,Shriek
490,Apocalyptic Horseplay
134,Cherry Blossoms
695,Have You Any Fear?
126,Gourmet Hound
29,Lookism
552,Darbi
550,Room of Swords
648,Shard
23,Boyfriend of the Dead
122,My Dear Cold-Blooded King
138,Life Outside the Circle
158,Dragnarok
596,Small World
705,Bite Me
489,Illusions of Adulting
7,I Love Yoo
701,Melvina's Therapy
155,Assassin Roommate
152,My Boo
148,Days of Hana
501,Girls Have a Blog
577,The Red Hook: War Cry
140,Late Bloomer
599,Just for Kicks
643,Eggnoid
528,CARL
358,Denma
451,Live with Yourself!
732,ㄴㅇㄹㅇㄴㄹ
405,1000
211,Davinchibi
264,Hardcore Leveling Warrior
370,The Steam Dragon Express
372,Phantom Paradise
388,Strawberry Seafoam
205,Power Ballad
281,Winter Moon
390,Rise from Ashes
227,LUMINE
406,Fantasy Sketch - The Game
427,Nothing Special
375,Fluffy Boyfriend
234,#Blessed
480,Warning Label
389,GOSU
429,Athena Complex
485,A Budgie's Life
0,Let's Play
436,My Giant Nerd Boyfriend
573,Aphrodite IX
487,Waffles & Pancakes
571,Pound
461,My Dictator Boyfriend
466,BOO! It's Sex
415,Acursian
491,Moon You
478,Cat Loaf Adventures
472,My Name is Benny
477,Murrz
513,Eat Fighter
566,Pacific Rim: Amara
584,Urban Animal
198,Metaphorical HER
208,Alice Elise
529,Mage & Demon Queen
586,Blood-Ink
432,EMPYREA
229,Four Leaf
486,Lorna
132,A Good Day to be a Dog
526,Love Advice from the Great Duke of Hell
587,Backchannel
179,The World Where I Belong
146,LUFF
210,Caster
693,Sweet Home
212,Haxor
381,Refund High School
714,Live Forever
8,Age Matters
236,Lore Olympus
239,SubZero
1,True Beauty
360,Aerial Magic
411,Spirits
635,Freaking Romance
61,The Croaking
641,Ghost Wife
404,Shadow Pirates
56,Watermelon
720,FINALITY
74,Heir's Game
397,Messenger
664,Lavender Jack
665,Outrage
709,Ghost Teller
666,Rebirth
668,Seed
35,Odd Girl Out
386,April Flowers
235,The Devil is a Handsome Man
385,Brothers Bond
384,Dragnarok: Descendants
707,Witch Creek Road
100,SOLEIL
118,Luggage
128,SAVE ME
250,Eleceed
137,House of Stars
120,Your Letter
83,Random Chat
533,Plum
366,Crumbs
306,Code Adam
653,Brimstone and Roses
426,Cursed Princess Club
675,I'm the Grim Reaper
150,Scorching Romance
117,Muted
156,Spirit Fingers
13,Edith
279,Everywhere & Nowhere
548,No Scope
12,Acception
26,Weak Hero
17,Purple Hyacinth
19,The Four of Them
91,Da Yomanville Gang
77,The Girl Downstairs
79,Bad Signs
233,Version Day and Night
232,Unlovable Replacement
226,Midnight Rain
203,Heartwired
202,Thornstone
191,The Weight of Our Sky
3,Midnight Poppy Land
189,Cupid's Arrows
391,DON'T HATE
481,Meow Man
660,Arma
311,Little Matcha Girl
337,Just Pancakes
347,Unlucky is as Lucky does
349,Zero Game
729,Wolfsbane
357,The Wrath & the Dawn
361,Cape of Spirits
722,Shiloh
495,Skate!!! Fire 100
307,Deor
594,Kind of Love
706,Simon Sues
476,Matchmaker Hero
570,Bloodless Wars
721,Varsity Noir
676,Not Even Bones
726,Third Shift Society
424,Trailer Park Warlock
659,The Fever King
679,Uriah
467,AXED
656,Soul on Hold
650,Choco Latte
642,Devil Number 4
579,The Red Hook: STARCROSS
683,Escape Room
434,Lalin's Curse
617,Brass & Sass
433,The Red King
616,The Kiss Bet
430,Hooves of Death
420,Castle Swimmer
639,My Deepest Secret
535,The Boxer
667,Parallel City
532,Not So Shoujo Love Story
112,The Makeup Remover
115,Unholy Blood
696,PIGPEN
81,Lone
41,Viral Hit
58,Before We Knew It
47,It's Mine
654,Phase
49,Secret Playlist
646,Love Doesn't Talk
53,"Mom, I'm Sorry"
640,Dating With a Tail
542,City of Blank
614,Down To Earth
544,KILLMAX
367,The Wolf & Red Riding Hood
28,Love Me Knot
60,No Longer A Heroine!
382,microHUNTER
339,Skye
308,The Wolfman of Wulvershire
333,Stray Souls
261,See You in My 19th Life
733,WEBTOON Now
99,IF
303,How to Become a Dragon
671,BRAIN Anthology
687,Horang's Nightmare
590,Marry Me!
585,Covenant
87,Fluidum
580,The Red Hook: Blackout & PTSD
576,Ghost Bats
403,Falling in the Blue
636,Swimming Lessons for a Mermaid
622,AntiSTALKER
625,LoveBot
245,The First Night With the Duke
724,#Killstagram
475,My Daughter is a Zombie
195,American Road Trip
176,Ghost Theater
702,Rotten
139,Death's Game
243,Omniscient Reader
704,Beetle Hands
182,Magic Soda Pop
183,The Masked Fables
190,Ctrl+Z
713,Rot & Ruin
192,WEBTOON GREENLiGHT
42,Lost in Translation
629,Mystical
162,Crown of Feathers
237,Suitor Armor
165,Yuna & Kawachan
2,The Remarried Empress
731,Staying Healthy Together
621,The Doctors are Out
619,Blades of Furry
63,Back to You
700,GremoryLand
125,HEART Anthology
431,The Witch and The Bull
470,CinnamonRoll
119,To Love Your Enemy
452,Andy Bass
223,Nice To Meet You
438,Your Smile is a Trap
228,Death of a Pop Star
230,The Shadow Prophet
20,Your Throne
469,Toaster Dude
231,In the Bleak Midwinter;
276,"66,666 Years:Advent of the Dark Mage"
194,The Golden Spoon
275,There Must Be Happy Endings
379,The Girl Who Sees Smells
273,Hero Killer
473,Rewriting Extinction
272,When Jasy Whistles
277,I Get Stronger the More I Eat
216,Dr. Hound
247,Doom Breaker
280,Of Dark Lords and Cabbages
252,Leveling UpMy Husband to the Max
181,11 of Me
178,Laras's Heart
177,Behind the Curtain
221,Cierra
447,Our Beloved Summer
444,Hyperfocus
222,Beyond Virtual
251,Jungle Juice
257,The Lone Necromancer
248,Villain to Kill
531,Deadlove
282,The Strongest Florist
465,Gecko Chan
33,Shotgun Boy
463,BlackSmith
38,To You Who Swallowed a Star
669,Harmonia
670,Hellbound
321,Metro Hunter
37,Seasons of Blossom
673,Homesick
674,Clinic of Horrors
36,The Greatest Estate Developer
246,Tricked into Becoming the Heroine's Stepmother
32,From a Knight to a Lady
632,The Double Agent
464,Meow Rangers
356,Eyes
530,Her Mannequin
449,Match Made in Hell
450,My Younger Brother's Friend
271,The Newlywed Diaryof a Witch and a Dragon
454,Daily JoJo
455,Cat vs. Dog
456,The Build Up
457,My Irresistible Ex
458,The Hip Guy
459,MONOCHROME
219,Agatha
253,Like Wind on a Dry Branch
259,Men of the Harem
269,The Lazy Lord Masters the Sword
244,The Advanced Player ofthe Tutorial Tower
145,Her Bucket List
288,The Warrior Returns
131,My Life as a Loser
159,Lilac 200%
160,Garden Club Detective Squad
113,From Morning to Night
143,If AI Ruled the World
289,Lady Knight
293,Spells From Hell
524,High Class Homos
525,Super Awkward Man
136,See No Evil
130,She Would Never Know
168,Taste of Illness
369,Mosquito Wars
363,My Universe
163,Dark Mortal
123,The Horizon
110,The Savior's Time
129,Tales of Greed
302,Reincarnated as anUnruly Heir
169,Dear X
111,She Bites!
527,LMLY
285,Forever After
364,The Wendybird
287,Infinite Leveling: Murim
291,The Male Lead's Girl Friend
260,The Druid of Seoul Station
241,Eaternal Nocturnal
240,My Gently Raised Beast
238,Morgana and Oz
423,Act Like You Love Me!
284,Ordeal
394,FLOWAR
428,WEBTOON x BTS
263,Happily Ever Afterwards
265,His Majesty's Proposal
266,Dungeons & Artifacts
267,The Princess's Jewels
225,Jackson's Diary
435,Batman: Wayne FamilyAdventures
224,Heavenly Roommates
437,Maid for Hire
322,Lovely Hell
439,Romance 101
440,So I Married the Anti-Fan
270,The Lone Spellcaster
442,Rooftops & Roommates
425,Love Falls Like Rain
174,This Magical Moment
352,Tenants from Another World
124,My ID is Gangnam Beauty!
410,ROB
323,Smity and Majesty
274,Return to Player
325,My Roommate is a Gumiho
89,Moonlight Beauty Parlor
107,The Aftermath
355,Tales of Sarimin the Jinn
536,Death: Rescheduled
106,To Be Ordinary!
539,Return of the Blossoming Blade
540,Return of the Mad Demon
543,Double Click
545,Cloud Walker
546,Hanlim Gym
105,CODE HELIX
88,"Take Me, I'm Yours"
104,Asterion
553,REAWAKENED MAN
583,TACIT
554,The Eagle and the Snake
558,Spirit Hunter
559,Locker & Opener
560,R-X: RAYER HUNTER
563,SAMADHI
101,The Sound of Another
351,The Fabled Warrior
98,Kidults
96,Money Game
102,Of What Remains
95,The Snake and the Flower
66,Flawed Almighty
623,Surviving Romance
624,Half-Ghost
44,Study Group
346,"Good Luck, Hero!"
591,The Dog Diaries
595,Nevertheless
82,The Nuna at Our Office
334,Warrior of the Wild
597,Illuminated
343,Protect the Knight
80,Pyramid Game
342,Prince Maker
626,Of Swamp & Sea
341,Atelier on the Sunflower Hill
72,Unwritten Death
71,There's Love Hidden in Lies
67,After School Lessonsfor Unripe Apples
628,Devilish Romance
613,Boyfriends.
340,Neolithic Girl
615,School Bus Graveyard
64,Madame Outlaw
627,Shadow Bride
298,The Ember Knight
336,Once a Hero
75,The Spark in Your Eyes
94,A Man's Man
86,Our Time
92,The World is Money and Power
300,"God, Please Make Me a Demon!"
725,Evelyne and the Occult
301,Gul
727,Stagtown
305,Ultra-Alternate Character
310,So You're Raising a Warrior
686,Fake Humans
682,The Predator
681,Chasing Tails
637,When the Day Comes
332,Anti-Monster Force
723,Everything is Fine
331,The Last Golden Child
57,Raven Saga
55,Neon Revenge
329,The Monster's Bride
52,The Blood of the Butterfly
51,Let Me Stay Over Tonight!
649,It Was All You
50,"Date First, Love Later"
651,The Prince of Southland
327,Fast Forward
326,How to Survive a Romance Fantasy
93,Savior
330,Threads of Love
5,Teenage Mercenary
655,Little Rain
9,Get Schooled
6,Sixth Sense Kiss
557,Taekwondo Kid
631,Flawless
634,Floating in My Mind
108,Maya's World
694,All of Us Are Dead
25,Bitten Contract
317,Finding Wonderland
24,Archie Comics:Big Ethel Energy
21,She's Hopeless
316,Nomads
314,The Earth's Chosen Savior
90,Mage Again
312,A Summer Night's Dream
299,The MatchmakingBaby Princess
708,Delusion
15,The RUNWAY
710,Forest of Humans
318,The First Hunter
14,Wished You Were Dead
309,Blue Matter
715,Grasp
716,Epilogue
11,Perfect Marriage Revenge
313,A Useless Villain
69,Who's Mr. President?
70,Woven
593,"Sarah, I'm Sorry:Welcome to Our Galaxy"
633,The Most Ordinary Girl
73,Daytime Star
76,Romance Punch
217,The Legendary Fossil
348,Best Teacher Baek
344,GANDA: Night Defender
68,Manager Kim
589,It's On
592,Our House
65,To Not Die
278,Sable Curse
345,Cydonia Shattering
588,To The Stars and Back
618,Be My Villain
297,The Final Raid Boss
620,Nevermore
84,A DeadbEAT's Meal
85,Ghost on the Roof
286,Lily Crown
283,Nina's Magic Chest
335,Psychic Studies
561,The Retreats
445,Killer Bang: The First Kill
154,Dreaming Freedom
62,Blue
147,Be Still My Heart
462,Vibe Check!
59,Señorita Cometa
295,21st Century Knights
460,'Til Debt Do Us Part
350,Vampire Magicka
54,A Chance At Last
141,Ode to Our Youth
328,Religiously Gay
564,Eternals: The 500 Year War
453,Finding Fiends
48,Seven Years Later
135,Bloodhounds
256,1HP Club
657,Hand Jumper
658,Traveler
46,The Prenup
45,Aza
43,The Tax Reaper
324,The Crimson Blade
446,Cat Got Your Tongue
40,Mistake
97,Tomorrow
215,No Outtakes
4,Reunion
581,Island
109,Discovering Love: A Harlequin Romance Collection
730,Drawing on Heritage
304,Philia Rosé: The Prophecy of the Crown of Thorns
262,My S-Class Hunters
170,A Fake Affair
27,A Whirlwind Campus Affair
319,Ghost King
31,The Fox Club
684,Eros Conquers All
30,Another Love
290,The Wildlands
320,Here There Be Dragons
556,Miez
688,Night of Silence
689,ANT
677,Roach
692,Hell is Other People
34,Housekeeper
678,The Dummy's Dummy
268,Regina Rena:To the Unforgiven
555,100
551,Infinity
220,Mythical Errand
728,Royale
296,Defects
258,My In-Laws are Obsessed with Me
537,Happiness
630,Opposite of Always
562,Zombie Ship
39,Write to Your Heart!
315,QUESTISM
416,Promise of an Orchid
22,Secretary Out-of-Order
116,Whale Star: The Gyeongseong Mermaid
547,The Last Dimension
292,King of the East
422,7FATES: CHAKHO
421,DARK MOON:THE BLOOD ALTAR
18,Double-Binded By Love
114,A Mark Against Thee
16,My Reason to Die
419,THE STAR SEEKERS
418,I'm the Max-Level Newbie
417,Deadlife
353,Hwarang: Flower Knights of the Underworld
549,Straylight Tiger
242,The World After the Fall
294,Murim RPG Simulation
541,Machine Uprising
10,Fictional Skin
249,Rewriting the Villainess
218,Love and Leashes
